id,nome,email,data_registo,distrito
1,Sara Oliveira,sara.oliveira@exemplo.pt,2024-02-28,Braga
2,Helena Ferreira,helena.ferreira@exemplo.pt,2025-01-13,Aveiro
3,Carla Martins,carla.martins@exemplo.pt,2025-03-20,Viseu
4,Helena Pires,helena.pires@exemplo.pt,2025-09-08,Évora
5,Rui Pereira,rui.pereira@exemplo.pt,2024-12-20,Setúbal
6,Pedro Sousa,pedro.sousa@exemplo.pt,2024-08-26,Leiria
7,Patrícia Oliveira,patrícia.oliveira@exemplo.pt,2024-09-03,Leiria
8,Filipa Rodrigues,filipa.rodrigues@exemplo.pt,2025-09-23,Évora
9,Ana Pires,ana.pires@exemplo.pt,2025-05-16,Évora
10,Filipa Almeida,filipa.almeida@exemplo.pt,2024-11-08,Faro
11,Carla Martins,carla.martins@exemplo.pt,2023-03-05,Braga
12,Filipa Pires,filipa.pires@exemplo.pt,2024-07-16,Coimbra
13,Rui Costa,rui.costa@exemplo.pt,2024-05-26,Braga
14,Luís Ferreira,luís.ferreira@exemplo.pt,2024-07-24,Aveiro
15,Sara Santos,sara.santos@exemplo.pt,2023-12-27,Évora
16,Tiago Almeida,tiago.almeida@exemplo.pt,2024-06-17,Évora
17,Diogo Martins,diogo.martins@exemplo.pt,2023-07-10,Setúbal
18,Pedro Costa,pedro.costa@exemplo.pt,2023-06-12,Coimbra
19,Sara Martins,sara.martins@exemplo.pt,2024-05-23,Setúbal
20,João Almeida,joão.almeida@exemplo.pt,2025-07-15,Porto
21,Helena Almeida,helena.almeida@exemplo.pt,2024-08-25,Braga
22,Nuno Gonçalves,nuno.gonçalves@exemplo.pt,2024-02-21,Viseu
23,Rui Rodrigues,rui.rodrigues@exemplo.pt,2024-04-23,Coimbra
24,Pedro Jesus,pedro.jesus@exemplo.pt,2025-07-30,Setúbal
25,Marta Almeida,marta.almeida@exemplo.pt,2024-02-02,Viseu
26,Helena Ribeiro,helena.ribeiro@exemplo.pt,2023-05-18,Lisboa
27,Pedro Jesus,pedro.jesus@exemplo.pt,2024-10-23,Lisboa
28,Inês Ferreira,inês.ferreira@exemplo.pt,2025-06-23,Braga
29,Carla Ribeiro,carla.ribeiro@exemplo.pt,2024-05-13,Faro
30,Carla Santos,carla.santos@exemplo.pt,2025-10-10,Leiria
31,Rui Santos,rui.santos@exemplo.pt,2025-07-02,Viseu
32,Sara Almeida,sara.almeida@exemplo.pt,2024-11-12,Leiria
33,Pedro Ribeiro,pedro.ribeiro@exemplo.pt,2025-08-09,Lisboa
34,Bruno Almeida,bruno.almeida@exemplo.pt,2023-06-20,Viseu
35,Helena Martins,helena.martins@exemplo.pt,2025-08-30,Faro
36,Eduardo Santos,eduardo.santos@exemplo.pt,2023-07-03,Setúbal
37,Rui Martins,rui.martins@exemplo.pt,2024-12-22,Braga
38,Gonçalo Ferreira,gonçalo.ferreira@exemplo.pt,2025-03-18,Lisboa
39,Patrícia Jesus,patrícia.jesus@exemplo.pt,2025-01-21,Leiria
40,Patrícia Oliveira,patrícia.oliveira@exemplo.pt,2023-05-21,Aveiro
41,João Rodrigues,joão.rodrigues@exemplo.pt,2024-04-12,Évora
42,Helena Pires,helena.pires@exemplo.pt,2024-11-03,Setúbal
43,Gonçalo Rodrigues,gonçalo.rodrigues@exemplo.pt,2024-02-23,Viseu
44,Rui Oliveira,rui.oliveira@exemplo.pt,2024-09-03,Faro
45,Vera Ribeiro,vera.ribeiro@exemplo.pt,2025-04-16,Porto
46,Eduardo Costa,eduardo.costa@exemplo.pt,2025-03-17,Leiria
47,Vera Costa,vera.costa@exemplo.pt,2023-09-22,Évora
48,Bruno Santos,bruno.santos@exemplo.pt,2023-10-06,Porto
49,Carla Pires,carla.pires@exemplo.pt,2023-09-03,Coimbra
50,Sara Ribeiro,sara.ribeiro@exemplo.pt,2024-07-05,Viseu
51,Helena Ribeiro,helena.ribeiro@exemplo.pt,2024-12-21,Faro
52,Tiago Sousa,tiago.sousa@exemplo.pt,2025-04-03,Braga
53,Ana Santos,ana.santos@exemplo.pt,2025-05-04,Braga
54,Filipa Rodrigues,filipa.rodrigues@exemplo.pt,2025-03-30,Leiria
55,Marta Ribeiro,marta.ribeiro@exemplo.pt,2024-09-23,Faro
56,Bruno Rodrigues,bruno.rodrigues@exemplo.pt,2023-10-03,Setúbal
57,Ana Costa,ana.costa@exemplo.pt,2024-02-02,Setúbal
58,Vera Almeida,vera.almeida@exemplo.pt,2025-05-29,Braga
59,Carla Almeida,carla.almeida@exemplo.pt,2024-10-07,Lisboa
60,João Sousa,joão.sousa@exemplo.pt,2025-09-02,Aveiro
61,Helena Rodrigues,helena.rodrigues@exemplo.pt,2023-05-23,Braga
62,Tiago Fernandes,tiago.fernandes@exemplo.pt,2023-02-23,Leiria
63,Tiago Rodrigues,tiago.rodrigues@exemplo.pt,2025-09-19,Porto
64,Pedro Silva,pedro.silva@exemplo.pt,2024-06-10,Faro
65,Marta Gonçalves,marta.gonçalves@exemplo.pt,2023-08-20,Coimbra
66,João Ribeiro,joão.ribeiro@exemplo.pt,2025-06-16,Lisboa
67,João Jesus,joão.jesus@exemplo.pt,2024-05-05,Viseu
68,Gonçalo Santos,gonçalo.santos@exemplo.pt,2023-11-06,Aveiro
69,Eduardo Jesus,eduardo.jesus@exemplo.pt,2023-05-16,Leiria
70,Eduardo Santos,eduardo.santos@exemplo.pt,2024-08-02,Évora
71,Sara Fernandes,sara.fernandes@exemplo.pt,2024-10-11,Braga
72,Carla Pires,carla.pires@exemplo.pt,2023-03-16,Lisboa
73,Rui Oliveira,rui.oliveira@exemplo.pt,2024-04-15,Aveiro
74,João Martins,joão.martins@exemplo.pt,2024-05-03,Setúbal
75,João Almeida,joão.almeida@exemplo.pt,2025-08-05,Viseu
76,Bruno Martins,bruno.martins@exemplo.pt,2023-11-13,Faro
77,Nuno Costa,nuno.costa@exemplo.pt,2023-06-19,Leiria
78,Luís Ferreira,luís.ferreira@exemplo.pt,2023-04-23,Évora
79,Eduardo Rodrigues,eduardo.rodrigues@exemplo.pt,2024-10-19,Setúbal
80,Tiago Ferreira,tiago.ferreira@exemplo.pt,2023-12-19,Lisboa
81,Helena Sousa,helena.sousa@exemplo.pt,2023-03-10,Porto
82,Diogo Ribeiro,diogo.ribeiro@exemplo.pt,2025-03-07,Setúbal
83,Bruno Costa,bruno.costa@exemplo.pt,2023-10-11,Porto
84,Sara Santos,sara.santos@exemplo.pt,2025-01-30,Setúbal
85,Inês Sousa,inês.sousa@exemplo.pt,2023-10-20,Évora
86,Diogo Pires,diogo.pires@exemplo.pt,2023-04-11,Setúbal
87,Carla Rodrigues,carla.rodrigues@exemplo.pt,2025-10-19,Coimbra
88,Gonçalo Ferreira,gonçalo.ferreira@exemplo.pt,2025-02-14,Setúbal
89,Helena Martins,helena.martins@exemplo.pt,2024-01-23,Viseu
90,Nuno Martins,nuno.martins@exemplo.pt,2023-06-02,Coimbra
91,Helena Pires,helena.pires@exemplo.pt,2024-03-04,Aveiro
92,Carla Pereira,carla.pereira@exemplo.pt,2024-11-28,Évora
93,Marta Fernandes,marta.fernandes@exemplo.pt,2024-01-10,Setúbal
94,Patrícia Costa,patrícia.costa@exemplo.pt,2025-10-14,Viseu
95,Marta Fernandes,marta.fernandes@exemplo.pt,2025-02-10,Lisboa
96,Bruno Jesus,bruno.jesus@exemplo.pt,2024-07-02,Coimbra
97,Ana Gonçalves,ana.gonçalves@exemplo.pt,2025-04-28,Porto
98,Luís Oliveira,luís.oliveira@exemplo.pt,2024-02-26,Porto
99,Carla Almeida,carla.almeida@exemplo.pt,2023-03-30,Lisboa
100,Marta Martins,marta.martins@exemplo.pt,2023-06-21,Porto
101,Bruno Silva,bruno.silva@exemplo.pt,2023-03-13,Leiria
102,Carla Fernandes,carla.fernandes@exemplo.pt,2024-01-18,Évora
103,Bruno Oliveira,bruno.oliveira@exemplo.pt,2023-10-19,Porto
104,Marta Ribeiro,marta.ribeiro@exemplo.pt,2024-01-18,Coimbra
105,Tiago Fernandes,tiago.fernandes@exemplo.pt,2023-11-23,Setúbal
106,Diogo Costa,diogo.costa@exemplo.pt,2023-09-27,Aveiro
107,Rui Costa,rui.costa@exemplo.pt,2025-01-24,Coimbra
108,Bruno Gonçalves,bruno.gonçalves@exemplo.pt,2025-07-14,Porto
109,Sara Silva,sara.silva@exemplo.pt,2024-05-15,Faro
110,Bruno Almeida,bruno.almeida@exemplo.pt,2025-01-05,Aveiro
111,Sara Silva,sara.silva@exemplo.pt,2025-05-09,Porto
112,Carla Fernandes,carla.fernandes@exemplo.pt,2024-01-23,Braga
113,Pedro Almeida,pedro.almeida@exemplo.pt,2024-05-07,Coimbra
114,Diogo Costa,diogo.costa@exemplo.pt,2025-10-02,Évora
115,Helena Pires,helena.pires@exemplo.pt,2024-04-25,Viseu
116,Inês Ferreira,inês.ferreira@exemplo.pt,2023-04-17,Viseu
117,Pedro Fernandes,pedro.fernandes@exemplo.pt,2023-10-29,Lisboa
118,Nuno Sousa,nuno.sousa@exemplo.pt,2025-10-22,Évora
119,Carla Ribeiro,carla.ribeiro@exemplo.pt,2023-05-03,Coimbra
120,Tiago Pires,tiago.pires@exemplo.pt,2024-01-29,Porto
121,Vera Jesus,vera.jesus@exemplo.pt,2024-09-06,Aveiro
122,Rui Almeida,rui.almeida@exemplo.pt,2023-03-21,Coimbra
123,Helena Costa,helena.costa@exemplo.pt,2023-04-18,Aveiro
124,Rui Fernandes,rui.fernandes@exemplo.pt,2025-10-04,Viseu
125,Rui Ribeiro,rui.ribeiro@exemplo.pt,2025-09-04,Braga
126,Diogo Santos,diogo.santos@exemplo.pt,2024-05-21,Lisboa
127,Sara Santos,sara.santos@exemplo.pt,2025-09-29,Faro
128,Marta Gonçalves,marta.gonçalves@exemplo.pt,2024-11-16,Braga
129,Rui Fernandes,rui.fernandes@exemplo.pt,2023-09-06,Coimbra
130,Carla Sousa,carla.sousa@exemplo.pt,2023-05-27,Lisboa
131,Pedro Pereira,pedro.pereira@exemplo.pt,2025-05-21,Coimbra
132,Ana Silva,ana.silva@exemplo.pt,2023-08-09,Viseu
133,Vera Rodrigues,vera.rodrigues@exemplo.pt,2025-05-05,Coimbra
134,Luís Silva,luís.silva@exemplo.pt,2025-03-09,Évora
135,Eduardo Santos,eduardo.santos@exemplo.pt,2024-03-13,Leiria
136,Vera Almeida,vera.almeida@exemplo.pt,2024-04-12,Porto
137,Nuno Pereira,nuno.pereira@exemplo.pt,2025-03-24,Leiria
138,Eduardo Fernandes,eduardo.fernandes@exemplo.pt,2025-08-11,Évora
139,Gonçalo Fernandes,gonçalo.fernandes@exemplo.pt,2024-06-23,Coimbra
140,Sara Costa,sara.costa@exemplo.pt,2024-03-28,Porto
141,Pedro Jesus,pedro.jesus@exemplo.pt,2025-04-24,Setúbal
142,Helena Santos,helena.santos@exemplo.pt,2024-07-29,Setúbal
143,Nuno Pires,nuno.pires@exemplo.pt,2024-11-07,Porto
144,Nuno Ribeiro,nuno.ribeiro@exemplo.pt,2023-12-22,Lisboa
145,Nuno Pereira,nuno.pereira@exemplo.pt,2024-01-26,Braga
146,Vera Almeida,vera.almeida@exemplo.pt,2025-04-24,Coimbra
147,Sara Almeida,sara.almeida@exemplo.pt,2023-08-16,Aveiro
148,Ana Fernandes,ana.fernandes@exemplo.pt,2023-12-31,Évora
149,Eduardo Costa,eduardo.costa@exemplo.pt,2023-10-13,Viseu
150,Helena Costa,helena.costa@exemplo.pt,2024-09-20,Setúbal
151,Inês Fernandes,inês.fernandes@exemplo.pt,2025-08-04,Porto
152,Helena Fernandes,helena.fernandes@exemplo.pt,2023-12-27,Leiria
153,Gonçalo Rodrigues,gonçalo.rodrigues@exemplo.pt,2023-07-27,Lisboa
154,Pedro Jesus,pedro.jesus@exemplo.pt,2025-08-22,Leiria
155,Carla Almeida,carla.almeida@exemplo.pt,2025-10-05,Aveiro
156,João Ferreira,joão.ferreira@exemplo.pt,2023-05-25,Porto
157,Ana Ferreira,ana.ferreira@exemplo.pt,2025-10-07,Coimbra
158,Carla Fernandes,carla.fernandes@exemplo.pt,2025-01-21,Braga
159,Gonçalo Martins,gonçalo.martins@exemplo.pt,2024-11-21,Coimbra
160,Gonçalo Oliveira,gonçalo.oliveira@exemplo.pt,2023-11-02,Faro
161,Marta Jesus,marta.jesus@exemplo.pt,2024-12-04,Leiria
162,Bruno Jesus,bruno.jesus@exemplo.pt,2024-10-27,Leiria
163,Inês Fernandes,inês.fernandes@exemplo.pt,2025-08-18,Braga
164,Diogo Oliveira,diogo.oliveira@exemplo.pt,2024-12-13,Braga
165,Filipa Pires,filipa.pires@exemplo.pt,2025-07-15,Braga
166,Vera Sousa,vera.sousa@exemplo.pt,2025-09-27,Leiria
167,Eduardo Gonçalves,eduardo.gonçalves@exemplo.pt,2023-11-15,Coimbra
168,Tiago Gonçalves,tiago.gonçalves@exemplo.pt,2023-10-24,Coimbra
169,Vera Martins,vera.martins@exemplo.pt,2024-10-14,Porto
170,Filipa Gonçalves,filipa.gonçalves@exemplo.pt,2024-07-02,Faro
171,Sara Pires,sara.pires@exemplo.pt,2024-11-22,Setúbal
172,Patrícia Fernandes,patrícia.fernandes@exemplo.pt,2025-08-10,Évora
173,Carla Ribeiro,carla.ribeiro@exemplo.pt,2023-07-26,Braga
174,Eduardo Silva,eduardo.silva@exemplo.pt,2025-08-15,Évora
175,Sara Gonçalves,sara.gonçalves@exemplo.pt,2023-02-01,Braga
176,Ana Ferreira,ana.ferreira@exemplo.pt,2023-12-08,Leiria
177,Carla Rodrigues,carla.rodrigues@exemplo.pt,2024-06-27,Leiria
178,Ana Costa,ana.costa@exemplo.pt,2023-08-26,Setúbal
179,Marta Gonçalves,marta.gonçalves@exemplo.pt,2024-09-11,Braga
180,Eduardo Martins,eduardo.martins@exemplo.pt,2024-01-11,Coimbra
181,Luís Ferreira,luís.ferreira@exemplo.pt,2023-08-19,Aveiro
182,Helena Costa,helena.costa@exemplo.pt,2023-09-22,Faro
183,Helena Costa,helena.costa@exemplo.pt,2025-06-10,Faro
184,Luís Sousa,luís.sousa@exemplo.pt,2023-11-26,Faro
185,Filipa Almeida,filipa.almeida@exemplo.pt,2024-03-09,Lisboa
186,Carla Santos,carla.santos@exemplo.pt,2023-08-18,Leiria
187,Diogo Martins,diogo.martins@exemplo.pt,2024-09-30,Lisboa
188,Carla Oliveira,carla.oliveira@exemplo.pt,2025-06-21,Setúbal
189,Vera Pires,vera.pires@exemplo.pt,2025-06-15,Braga
190,Patrícia Fernandes,patrícia.fernandes@exemplo.pt,2024-07-23,Braga
191,Gonçalo Pereira,gonçalo.pereira@exemplo.pt,2024-11-28,Faro
192,Marta Rodrigues,marta.rodrigues@exemplo.pt,2025-03-16,Viseu
193,Eduardo Martins,eduardo.martins@exemplo.pt,2023-05-25,Setúbal
194,João Almeida,joão.almeida@exemplo.pt,2024-09-01,Faro
195,Bruno Santos,bruno.santos@exemplo.pt,2023-04-28,Lisboa
196,Carla Ribeiro,carla.ribeiro@exemplo.pt,2025-08-10,Aveiro
197,Bruno Almeida,bruno.almeida@exemplo.pt,2023-11-17,Setúbal
198,Rui Rodrigues,rui.rodrigues@exemplo.pt,2024-08-08,Coimbra
199,Tiago Ferreira,tiago.ferreira@exemplo.pt,2025-10-16,Faro
200,João Almeida,joão.almeida@exemplo.pt,2025-08-14,Braga
201,Helena Jesus,helena.jesus@exemplo.pt,2024-04-04,Aveiro
202,Marta Gonçalves,marta.gonçalves@exemplo.pt,2025-01-19,Lisboa
203,Patrícia Pires,patrícia.pires@exemplo.pt,2024-11-16,Évora
204,Pedro Almeida,pedro.almeida@exemplo.pt,2025-03-14,Setúbal
205,Sara Fernandes,sara.fernandes@exemplo.pt,2023-11-22,Leiria
206,Gonçalo Ribeiro,gonçalo.ribeiro@exemplo.pt,2025-10-24,Porto
207,Bruno Santos,bruno.santos@exemplo.pt,2023-02-14,Setúbal
208,Bruno Fernandes,bruno.fernandes@exemplo.pt,2023-03-02,Viseu
209,Rui Silva,rui.silva@exemplo.pt,2025-06-06,Leiria
210,Diogo Fernandes,diogo.fernandes@exemplo.pt,2024-05-11,Braga
211,Rui Gonçalves,rui.gonçalves@exemplo.pt,2023-02-22,Setúbal
212,Filipa Silva,filipa.silva@exemplo.pt,2024-07-21,Braga
213,Ana Santos,ana.santos@exemplo.pt,2024-02-23,Setúbal
214,Marta Santos,marta.santos@exemplo.pt,2025-03-25,Aveiro
215,João Almeida,joão.almeida@exemplo.pt,2023-03-13,Coimbra
216,Sara Ferreira,sara.ferreira@exemplo.pt,2023-10-29,Aveiro
217,Patrícia Ferreira,patrícia.ferreira@exemplo.pt,2025-01-20,Aveiro
218,Luís Costa,luís.costa@exemplo.pt,2025-02-20,Braga
219,Marta Oliveira,marta.oliveira@exemplo.pt,2023-09-18,Setúbal
220,Sara Fernandes,sara.fernandes@exemplo.pt,2023-10-30,Évora
221,João Almeida,joão.almeida@exemplo.pt,2025-03-18,Leiria
222,Vera Ribeiro,vera.ribeiro@exemplo.pt,2025-10-11,Coimbra
223,Diogo Pires,diogo.pires@exemplo.pt,2025-10-24,Viseu
224,Sara Oliveira,sara.oliveira@exemplo.pt,2025-09-21,Aveiro
225,Patrícia Sousa,patrícia.sousa@exemplo.pt,2024-12-12,Aveiro
226,Diogo Ferreira,diogo.ferreira@exemplo.pt,2023-12-09,Lisboa
227,Luís Santos,luís.santos@exemplo.pt,2025-02-05,Porto
228,Diogo Fernandes,diogo.fernandes@exemplo.pt,2023-05-14,Évora
229,Diogo Pires,diogo.pires@exemplo.pt,2024-10-11,Coimbra
230,Helena Ferreira,helena.ferreira@exemplo.pt,2024-03-16,Coimbra
231,Nuno Silva,nuno.silva@exemplo.pt,2025-03-05,Lisboa
232,Vera Oliveira,vera.oliveira@exemplo.pt,2025-01-27,Aveiro
233,Sara Santos,sara.santos@exemplo.pt,2023-03-05,Évora
234,Eduardo Ribeiro,eduardo.ribeiro@exemplo.pt,2023-06-09,Aveiro
235,João Fernandes,joão.fernandes@exemplo.pt,2023-05-21,Faro
236,Diogo Gonçalves,diogo.gonçalves@exemplo.pt,2024-09-24,Faro
237,Eduardo Oliveira,eduardo.oliveira@exemplo.pt,2024-03-18,Faro
238,Marta Almeida,marta.almeida@exemplo.pt,2024-09-17,Leiria
239,Pedro Pires,pedro.pires@exemplo.pt,2024-11-27,Évora
240,Patrícia Sousa,patrícia.sousa@exemplo.pt,2025-09-02,Faro
241,Eduardo Gonçalves,eduardo.gonçalves@exemplo.pt,2023-12-31,Coimbra
242,Bruno Almeida,bruno.almeida@exemplo.pt,2023-06-04,Setúbal
243,Bruno Almeida,bruno.almeida@exemplo.pt,2024-05-03,Braga
244,Luís Sousa,luís.sousa@exemplo.pt,2024-09-19,Évora
245,Filipa Costa,filipa.costa@exemplo.pt,2025-03-07,Évora
246,Rui Pereira,rui.pereira@exemplo.pt,2024-01-29,Lisboa
247,Nuno Gonçalves,nuno.gonçalves@exemplo.pt,2023-07-11,Setúbal
248,Ana Oliveira,ana.oliveira@exemplo.pt,2025-09-17,Viseu
249,Inês Ferreira,inês.ferreira@exemplo.pt,2024-11-22,Braga
250,Tiago Santos,tiago.santos@exemplo.pt,2023-11-03,Aveiro
251,Vera Pereira,vera.pereira@exemplo.pt,2024-12-06,Braga
252,Diogo Santos,diogo.santos@exemplo.pt,2025-07-13,Porto
253,Nuno Fernandes,nuno.fernandes@exemplo.pt,2025-06-12,Porto
254,Inês Santos,inês.santos@exemplo.pt,2025-08-27,Porto
255,Nuno Santos,nuno.santos@exemplo.pt,2023-10-04,Faro
256,Eduardo Santos,eduardo.santos@exemplo.pt,2025-09-03,Aveiro
257,Eduardo Gonçalves,eduardo.gonçalves@exemplo.pt,2023-06-11,Viseu
258,Carla Rodrigues,carla.rodrigues@exemplo.pt,2025-02-17,Faro
259,Filipa Martins,filipa.martins@exemplo.pt,2024-02-06,Évora
260,Marta Fernandes,marta.fernandes@exemplo.pt,2024-07-14,Aveiro
261,Nuno Pires,nuno.pires@exemplo.pt,2025-07-31,Braga
262,Sara Ferreira,sara.ferreira@exemplo.pt,2024-04-15,Leiria
263,Rui Pires,rui.pires@exemplo.pt,2024-06-06,Braga
264,Bruno Costa,bruno.costa@exemplo.pt,2024-12-22,Porto
265,Luís Sousa,luís.sousa@exemplo.pt,2025-03-13,Faro
266,Filipa Oliveira,filipa.oliveira@exemplo.pt,2023-04-30,Coimbra
267,Nuno Pires,nuno.pires@exemplo.pt,2024-06-04,Coimbra
268,Marta Ribeiro,marta.ribeiro@exemplo.pt,2023-05-16,Setúbal
269,João Almeida,joão.almeida@exemplo.pt,2024-01-08,Coimbra
270,Vera Jesus,vera.jesus@exemplo.pt,2024-06-02,Setúbal
271,Rui Costa,rui.costa@exemplo.pt,2025-05-19,Lisboa
272,Inês Pereira,inês.pereira@exemplo.pt,2023-03-31,Porto
273,Sara Pires,sara.pires@exemplo.pt,2023-08-14,Aveiro
274,Patrícia Jesus,patrícia.jesus@exemplo.pt,2023-09-08,Faro
275,Sara Gonçalves,sara.gonçalves@exemplo.pt,2024-07-18,Porto
276,Ana Ribeiro,ana.ribeiro@exemplo.pt,2025-01-04,Aveiro
277,Inês Pereira,inês.pereira@exemplo.pt,2024-01-17,Coimbra
278,Carla Gonçalves,carla.gonçalves@exemplo.pt,2023-03-01,Braga
279,Sara Jesus,sara.jesus@exemplo.pt,2023-09-12,Évora
280,Helena Ferreira,helena.ferreira@exemplo.pt,2025-09-23,Braga
281,Diogo Sousa,diogo.sousa@exemplo.pt,2023-04-08,Coimbra
282,Pedro Silva,pedro.silva@exemplo.pt,2024-10-09,Coimbra
283,Carla Costa,carla.costa@exemplo.pt,2024-12-26,Leiria
284,Carla Costa,carla.costa@exemplo.pt,2025-03-28,Viseu
285,Rui Rodrigues,rui.rodrigues@exemplo.pt,2024-10-23,Viseu
286,Inês Costa,inês.costa@exemplo.pt,2023-08-16,Braga
287,Gonçalo Martins,gonçalo.martins@exemplo.pt,2025-10-07,Braga
288,Sara Costa,sara.costa@exemplo.pt,2024-06-06,Coimbra
289,Helena Almeida,helena.almeida@exemplo.pt,2024-04-30,Lisboa
290,Filipa Martins,filipa.martins@exemplo.pt,2023-07-17,Faro
291,Gonçalo Martins,gonçalo.martins@exemplo.pt,2025-03-31,Aveiro
292,Tiago Pereira,tiago.pereira@exemplo.pt,2023-05-31,Évora
293,Ana Costa,ana.costa@exemplo.pt,2023-12-20,Faro
294,Eduardo Jesus,eduardo.jesus@exemplo.pt,2025-06-29,Évora
295,Luís Gonçalves,luís.gonçalves@exemplo.pt,2025-08-27,Braga
296,Tiago Oliveira,tiago.oliveira@exemplo.pt,2024-04-27,Leiria
297,Bruno Silva,bruno.silva@exemplo.pt,2024-10-20,Aveiro
298,Nuno Almeida,nuno.almeida@exemplo.pt,2024-09-07,Évora
299,Patrícia Oliveira,patrícia.oliveira@exemplo.pt,2024-08-12,Coimbra
300,Bruno Gonçalves,bruno.gonçalves@exemplo.pt,2025-01-26,Aveiro
301,Pedro Fernandes,pedro.fernandes@exemplo.pt,2023-09-03,Porto
302,João Costa,joão.costa@exemplo.pt,2024-03-15,Faro
303,Helena Martins,helena.martins@exemplo.pt,2024-08-10,Setúbal
304,Pedro Martins,pedro.martins@exemplo.pt,2023-02-01,Leiria
305,Helena Sousa,helena.sousa@exemplo.pt,2025-10-21,Porto
306,Filipa Ribeiro,filipa.ribeiro@exemplo.pt,2025-01-18,Faro
307,Helena Pereira,helena.pereira@exemplo.pt,2023-02-28,Porto
308,Patrícia Jesus,patrícia.jesus@exemplo.pt,2025-09-01,Lisboa
309,Ana Pereira,ana.pereira@exemplo.pt,2025-01-29,Leiria
310,Ana Costa,ana.costa@exemplo.pt,2023-12-31,Aveiro
311,Carla Fernandes,carla.fernandes@exemplo.pt,2024-01-11,Coimbra
312,Nuno Pereira,nuno.pereira@exemplo.pt,2024-02-27,Lisboa
313,Helena Fernandes,helena.fernandes@exemplo.pt,2025-01-07,Braga
314,Diogo Rodrigues,diogo.rodrigues@exemplo.pt,2024-04-13,Évora
315,Eduardo Santos,eduardo.santos@exemplo.pt,2024-11-03,Faro
316,Gonçalo Rodrigues,gonçalo.rodrigues@exemplo.pt,2023-08-29,Aveiro
317,Inês Sousa,inês.sousa@exemplo.pt,2023-12-01,Setúbal
318,Tiago Fernandes,tiago.fernandes@exemplo.pt,2023-10-21,Porto
319,Vera Santos,vera.santos@exemplo.pt,2025-04-18,Faro
320,Eduardo Gonçalves,eduardo.gonçalves@exemplo.pt,2025-01-20,Setúbal
321,Nuno Martins,nuno.martins@exemplo.pt,2024-03-22,Viseu
322,Filipa Ferreira,filipa.ferreira@exemplo.pt,2025-06-28,Évora
323,Ana Pires,ana.pires@exemplo.pt,2023-11-15,Setúbal
324,Nuno Gonçalves,nuno.gonçalves@exemplo.pt,2023-10-04,Lisboa
325,Bruno Rodrigues,bruno.rodrigues@exemplo.pt,2025-02-03,Aveiro
326,Rui Sousa,rui.sousa@exemplo.pt,2023-03-12,Lisboa
327,Diogo Santos,diogo.santos@exemplo.pt,2024-01-10,Coimbra
328,João Costa,joão.costa@exemplo.pt,2023-02-16,Leiria
329,Inês Pereira,inês.pereira@exemplo.pt,2023-08-26,Setúbal
330,Gonçalo Santos,gonçalo.santos@exemplo.pt,2024-07-17,Faro
331,Luís Jesus,luís.jesus@exemplo.pt,2024-08-02,Leiria
332,Vera Santos,vera.santos@exemplo.pt,2025-01-09,Lisboa
333,João Jesus,joão.jesus@exemplo.pt,2024-10-30,Faro
334,Pedro Ferreira,pedro.ferreira@exemplo.pt,2023-04-11,Setúbal
335,Carla Silva,carla.silva@exemplo.pt,2023-06-06,Braga
336,Sara Ferreira,sara.ferreira@exemplo.pt,2024-10-07,Braga
337,Tiago Oliveira,tiago.oliveira@exemplo.pt,2024-08-23,Coimbra
338,Inês Santos,inês.santos@exemplo.pt,2024-11-15,Aveiro
339,Rui Jesus,rui.jesus@exemplo.pt,2023-11-12,Setúbal
340,Bruno Gonçalves,bruno.gonçalves@exemplo.pt,2023-05-11,Coimbra
341,Luís Gonçalves,luís.gonçalves@exemplo.pt,2024-06-17,Porto
342,Nuno Costa,nuno.costa@exemplo.pt,2024-10-04,Viseu
343,Rui Gonçalves,rui.gonçalves@exemplo.pt,2023-05-02,Porto
344,Diogo Rodrigues,diogo.rodrigues@exemplo.pt,2024-06-28,Aveiro
345,Eduardo Gonçalves,eduardo.gonçalves@exemplo.pt,2024-01-25,Lisboa
346,Nuno Ribeiro,nuno.ribeiro@exemplo.pt,2025-07-13,Coimbra
347,Rui Pereira,rui.pereira@exemplo.pt,2023-07-13,Porto
348,Luís Silva,luís.silva@exemplo.pt,2023-04-18,Lisboa
349,Tiago Pereira,tiago.pereira@exemplo.pt,2024-07-04,Évora
350,Patrícia Martins,patrícia.martins@exemplo.pt,2025-03-15,Évora
351,Marta Pires,marta.pires@exemplo.pt,2024-04-05,Aveiro
352,Diogo Gonçalves,diogo.gonçalves@exemplo.pt,2024-01-27,Aveiro
353,Bruno Pereira,bruno.pereira@exemplo.pt,2025-09-10,Leiria
354,Inês Ferreira,inês.ferreira@exemplo.pt,2025-03-31,Lisboa
355,Carla Rodrigues,carla.rodrigues@exemplo.pt,2025-01-14,Leiria
356,Tiago Rodrigues,tiago.rodrigues@exemplo.pt,2023-03-04,Lisboa
357,Ana Martins,ana.martins@exemplo.pt,2024-07-07,Aveiro
358,Inês Martins,inês.martins@exemplo.pt,2025-09-15,Coimbra
359,Ana Jesus,ana.jesus@exemplo.pt,2024-09-14,Aveiro
360,Diogo Almeida,diogo.almeida@exemplo.pt,2023-12-10,Leiria
361,Helena Fernandes,helena.fernandes@exemplo.pt,2025-09-25,Lisboa
362,Ana Rodrigues,ana.rodrigues@exemplo.pt,2023-07-02,Aveiro
363,Pedro Pires,pedro.pires@exemplo.pt,2023-07-14,Faro
364,Nuno Martins,nuno.martins@exemplo.pt,2023-06-17,Braga
365,Marta Rodrigues,marta.rodrigues@exemplo.pt,2023-07-03,Coimbra
366,Tiago Sousa,tiago.sousa@exemplo.pt,2025-07-28,Leiria
367,Luís Ribeiro,luís.ribeiro@exemplo.pt,2023-10-07,Coimbra
368,Inês Almeida,inês.almeida@exemplo.pt,2024-09-26,Setúbal
369,Filipa Ferreira,filipa.ferreira@exemplo.pt,2024-06-06,Leiria
370,Patrícia Pires,patrícia.pires@exemplo.pt,2023-09-16,Porto
371,Nuno Sousa,nuno.sousa@exemplo.pt,2025-10-14,Coimbra
372,Bruno Santos,bruno.santos@exemplo.pt,2024-08-11,Aveiro
373,Inês Silva,inês.silva@exemplo.pt,2023-09-12,Setúbal
374,Vera Gonçalves,vera.gonçalves@exemplo.pt,2024-12-17,Braga
375,Gonçalo Santos,gonçalo.santos@exemplo.pt,2023-01-31,Leiria
376,Tiago Almeida,tiago.almeida@exemplo.pt,2023-07-21,Coimbra
377,Vera Sousa,vera.sousa@exemplo.pt,2024-09-30,Faro
378,Carla Santos,carla.santos@exemplo.pt,2024-02-21,Évora
379,Gonçalo Ribeiro,gonçalo.ribeiro@exemplo.pt,2024-06-20,Évora
380,João Ferreira,joão.ferreira@exemplo.pt,2024-05-07,Viseu
381,Rui Sousa,rui.sousa@exemplo.pt,2025-02-01,Viseu
382,Nuno Fernandes,nuno.fernandes@exemplo.pt,2025-04-24,Braga
383,Pedro Rodrigues,pedro.rodrigues@exemplo.pt,2024-01-29,Porto
384,Nuno Oliveira,nuno.oliveira@exemplo.pt,2024-08-10,Porto
385,Sara Silva,sara.silva@exemplo.pt,2023-06-30,Aveiro
386,Diogo Fernandes,diogo.fernandes@exemplo.pt,2024-03-13,Braga
387,Helena Ferreira,helena.ferreira@exemplo.pt,2023-08-16,Leiria
388,Rui Ribeiro,rui.ribeiro@exemplo.pt,2023-08-19,Porto
389,Luís Sousa,luís.sousa@exemplo.pt,2023-05-18,Leiria
390,Diogo Gonçalves,diogo.gonçalves@exemplo.pt,2025-07-17,Porto
391,Rui Sousa,rui.sousa@exemplo.pt,2025-08-19,Leiria
392,João Oliveira,joão.oliveira@exemplo.pt,2023-09-27,Lisboa
393,Rui Sousa,rui.sousa@exemplo.pt,2024-03-16,Coimbra
394,Ana Gonçalves,ana.gonçalves@exemplo.pt,2025-02-25,Leiria
395,Tiago Santos,tiago.santos@exemplo.pt,2024-08-24,Viseu
396,Gonçalo Silva,gonçalo.silva@exemplo.pt,2024-05-10,Lisboa
397,Patrícia Ferreira,patrícia.ferreira@exemplo.pt,2023-09-15,Porto
398,Diogo Ribeiro,diogo.ribeiro@exemplo.pt,2025-01-21,Coimbra
399,Luís Santos,luís.santos@exemplo.pt,2024-09-09,Porto
400,Bruno Pereira,bruno.pereira@exemplo.pt,2023-11-26,Setúbal
401,Diogo Santos,diogo.santos@exemplo.pt,2023-05-27,Évora
402,Luís Ribeiro,luís.ribeiro@exemplo.pt,2023-04-02,Leiria
403,Patrícia Ribeiro,patrícia.ribeiro@exemplo.pt,2025-07-24,Setúbal
404,Luís Pereira,luís.pereira@exemplo.pt,2025-03-22,Faro
405,Rui Ribeiro,rui.ribeiro@exemplo.pt,2025-05-02,Coimbra
406,Gonçalo Santos,gonçalo.santos@exemplo.pt,2023-06-07,Braga
407,Vera Ribeiro,vera.ribeiro@exemplo.pt,2023-03-25,Porto
408,Marta Fernandes,marta.fernandes@exemplo.pt,2025-10-24,Viseu
409,Luís Martins,luís.martins@exemplo.pt,2023-12-21,Aveiro
410,Vera Gonçalves,vera.gonçalves@exemplo.pt,2023-05-08,Évora
411,Gonçalo Sousa,gonçalo.sousa@exemplo.pt,2023-10-11,Porto
412,Tiago Ribeiro,tiago.ribeiro@exemplo.pt,2024-05-31,Aveiro
413,Diogo Pires,diogo.pires@exemplo.pt,2025-05-17,Évora
414,Patrícia Sousa,patrícia.sousa@exemplo.pt,2023-08-10,Viseu
415,Patrícia Pires,patrícia.pires@exemplo.pt,2024-01-27,Leiria
416,Vera Gonçalves,vera.gonçalves@exemplo.pt,2025-03-14,Braga
417,Marta Almeida,marta.almeida@exemplo.pt,2024-12-15,Aveiro
418,Sara Martins,sara.martins@exemplo.pt,2024-02-12,Viseu
419,Filipa Fernandes,filipa.fernandes@exemplo.pt,2023-04-07,Leiria
420,Helena Martins,helena.martins@exemplo.pt,2024-06-17,Faro
421,Pedro Silva,pedro.silva@exemplo.pt,2023-08-24,Faro
422,Pedro Oliveira,pedro.oliveira@exemplo.pt,2024-08-26,Lisboa
423,Filipa Pires,filipa.pires@exemplo.pt,2024-03-23,Aveiro
424,Bruno Costa,bruno.costa@exemplo.pt,2025-06-06,Lisboa
425,Pedro Gonçalves,pedro.gonçalves@exemplo.pt,2025-02-20,Aveiro
426,Marta Martins,marta.martins@exemplo.pt,2023-08-21,Faro
427,Filipa Sousa,filipa.sousa@exemplo.pt,2024-08-25,Leiria
428,Carla Costa,carla.costa@exemplo.pt,2024-08-03,Évora
429,Vera Pereira,vera.pereira@exemplo.pt,2023-08-07,Évora
430,Vera Sousa,vera.sousa@exemplo.pt,2024-01-31,Viseu
431,Gonçalo Costa,gonçalo.costa@exemplo.pt,2023-10-11,Viseu
432,Tiago Fernandes,tiago.fernandes@exemplo.pt,2024-07-20,Porto
433,Tiago Ferreira,tiago.ferreira@exemplo.pt,2023-11-10,Braga
434,Gonçalo Martins,gonçalo.martins@exemplo.pt,2025-01-11,Setúbal
435,Diogo Almeida,diogo.almeida@exemplo.pt,2023-11-12,Porto
436,Pedro Almeida,pedro.almeida@exemplo.pt,2024-07-09,Lisboa
437,Carla Silva,carla.silva@exemplo.pt,2023-05-08,Faro
438,Bruno Almeida,bruno.almeida@exemplo.pt,2024-01-31,Faro
439,Rui Fernandes,rui.fernandes@exemplo.pt,2024-06-11,Coimbra
440,Inês Santos,inês.santos@exemplo.pt,2025-10-03,Leiria
441,Vera Gonçalves,vera.gonçalves@exemplo.pt,2025-09-27,Setúbal
442,Diogo Ribeiro,diogo.ribeiro@exemplo.pt,2025-02-28,Braga
443,Diogo Jesus,diogo.jesus@exemplo.pt,2023-04-06,Leiria
444,João Costa,joão.costa@exemplo.pt,2023-07-05,Porto
445,Diogo Jesus,diogo.jesus@exemplo.pt,2024-01-02,Viseu
446,Marta Silva,marta.silva@exemplo.pt,2024-03-06,Faro
447,Gonçalo Santos,gonçalo.santos@exemplo.pt,2025-01-07,Lisboa
448,Ana Ribeiro,ana.ribeiro@exemplo.pt,2025-08-25,Viseu
449,Filipa Jesus,filipa.jesus@exemplo.pt,2023-08-29,Faro
450,Carla Almeida,carla.almeida@exemplo.pt,2024-11-23,Setúbal
451,João Santos,joão.santos@exemplo.pt,2023-04-28,Viseu
452,João Costa,joão.costa@exemplo.pt,2023-04-05,Leiria
453,Helena Almeida,helena.almeida@exemplo.pt,2024-10-31,Aveiro
454,Gonçalo Oliveira,gonçalo.oliveira@exemplo.pt,2024-03-01,Porto
455,Patrícia Costa,patrícia.costa@exemplo.pt,2024-03-10,Leiria
456,Helena Almeida,helena.almeida@exemplo.pt,2024-02-11,Leiria
457,Gonçalo Sousa,gonçalo.sousa@exemplo.pt,2024-06-16,Porto
458,Rui Gonçalves,rui.gonçalves@exemplo.pt,2024-03-08,Braga
459,Marta Costa,marta.costa@exemplo.pt,2025-02-11,Évora
460,Helena Santos,helena.santos@exemplo.pt,2023-11-11,Coimbra
461,Carla Rodrigues,carla.rodrigues@exemplo.pt,2023-09-30,Évora
462,Pedro Santos,pedro.santos@exemplo.pt,2024-10-24,Faro
463,Tiago Sousa,tiago.sousa@exemplo.pt,2023-08-29,Coimbra
464,Sara Santos,sara.santos@exemplo.pt,2023-08-10,Porto
465,Carla Martins,carla.martins@exemplo.pt,2024-03-02,Évora
466,Marta Santos,marta.santos@exemplo.pt,2025-09-27,Évora
467,Rui Pereira,rui.pereira@exemplo.pt,2024-02-01,Braga
468,Ana Silva,ana.silva@exemplo.pt,2023-04-02,Braga
469,Filipa Sousa,filipa.sousa@exemplo.pt,2023-08-18,Viseu
470,Tiago Rodrigues,tiago.rodrigues@exemplo.pt,2023-11-01,Viseu
471,Ana Ribeiro,ana.ribeiro@exemplo.pt,2023-07-08,Leiria
472,Diogo Ribeiro,diogo.ribeiro@exemplo.pt,2025-10-12,Lisboa
473,Eduardo Fernandes,eduardo.fernandes@exemplo.pt,2025-04-02,Faro
474,Nuno Silva,nuno.silva@exemplo.pt,2025-05-20,Viseu
475,Eduardo Costa,eduardo.costa@exemplo.pt,2023-05-19,Setúbal
476,Diogo Silva,diogo.silva@exemplo.pt,2024-02-26,Coimbra
477,Bruno Ribeiro,bruno.ribeiro@exemplo.pt,2024-09-15,Aveiro
478,Carla Martins,carla.martins@exemplo.pt,2025-09-21,Setúbal
479,Marta Pereira,marta.pereira@exemplo.pt,2025-08-07,Porto
480,Carla Oliveira,carla.oliveira@exemplo.pt,2024-12-06,Setúbal
481,Filipa Silva,filipa.silva@exemplo.pt,2023-02-02,Aveiro
482,Carla Pereira,carla.pereira@exemplo.pt,2023-06-17,Viseu
483,Filipa Ferreira,filipa.ferreira@exemplo.pt,2023-03-15,Évora
484,Luís Almeida,luís.almeida@exemplo.pt,2024-03-05,Lisboa
485,Diogo Fernandes,diogo.fernandes@exemplo.pt,2025-02-17,Aveiro
486,Carla Pires,carla.pires@exemplo.pt,2024-08-11,Aveiro
487,Inês Ferreira,inês.ferreira@exemplo.pt,2023-11-28,Lisboa
488,Filipa Pires,filipa.pires@exemplo.pt,2023-08-20,Évora
489,Filipa Ribeiro,filipa.ribeiro@exemplo.pt,2024-01-22,Faro
490,Luís Rodrigues,luís.rodrigues@exemplo.pt,2025-01-14,Porto
491,Carla Costa,carla.costa@exemplo.pt,2025-08-08,Setúbal
492,Diogo Gonçalves,diogo.gonçalves@exemplo.pt,2023-11-09,Faro
493,Gonçalo Gonçalves,gonçalo.gonçalves@exemplo.pt,2023-05-28,Braga
494,Tiago Jesus,tiago.jesus@exemplo.pt,2023-12-14,Lisboa
495,Gonçalo Jesus,gonçalo.jesus@exemplo.pt,2025-05-11,Évora
496,Carla Pires,carla.pires@exemplo.pt,2024-01-23,Lisboa
497,Ana Martins,ana.martins@exemplo.pt,2023-10-31,Coimbra
498,Rui Fernandes,rui.fernandes@exemplo.pt,2023-04-12,Braga
499,Sara Costa,sara.costa@exemplo.pt,2023-05-16,Setúbal
500,Gonçalo Martins,gonçalo.martins@exemplo.pt,2025-07-12,Porto
501,Helena Oliveira,helena.oliveira@exemplo.pt,2025-05-22,Aveiro
502,Nuno Santos,nuno.santos@exemplo.pt,2023-05-05,Braga
503,Bruno Santos,bruno.santos@exemplo.pt,2025-06-06,Faro
504,Filipa Martins,filipa.martins@exemplo.pt,2023-12-15,Braga
505,Eduardo Ribeiro,eduardo.ribeiro@exemplo.pt,2025-10-18,Évora
506,Patrícia Silva,patrícia.silva@exemplo.pt,2023-11-26,Braga
507,Carla Pires,carla.pires@exemplo.pt,2024-09-20,Lisboa
508,Nuno Fernandes,nuno.fernandes@exemplo.pt,2024-01-13,Porto
509,João Pereira,joão.pereira@exemplo.pt,2023-11-26,Braga
510,Pedro Martins,pedro.martins@exemplo.pt,2025-10-05,Évora
511,Diogo Ferreira,diogo.ferreira@exemplo.pt,2023-12-31,Leiria
512,Marta Pereira,marta.pereira@exemplo.pt,2024-01-01,Aveiro
513,Inês Rodrigues,inês.rodrigues@exemplo.pt,2024-12-07,Aveiro
514,Gonçalo Silva,gonçalo.silva@exemplo.pt,2025-04-20,Évora
515,Patrícia Almeida,patrícia.almeida@exemplo.pt,2024-07-08,Faro
516,Ana Gonçalves,ana.gonçalves@exemplo.pt,2023-06-16,Setúbal
517,Ana Rodrigues,ana.rodrigues@exemplo.pt,2025-06-10,Coimbra
518,Marta Ribeiro,marta.ribeiro@exemplo.pt,2025-03-20,Faro
519,Luís Costa,luís.costa@exemplo.pt,2023-06-17,Porto
520,Marta Santos,marta.santos@exemplo.pt,2025-01-01,Évora
521,Carla Rodrigues,carla.rodrigues@exemplo.pt,2023-04-23,Setúbal
522,Carla Silva,carla.silva@exemplo.pt,2025-03-07,Évora
523,Helena Fernandes,helena.fernandes@exemplo.pt,2024-02-13,Faro
524,Patrícia Santos,patrícia.santos@exemplo.pt,2025-09-29,Coimbra
525,Nuno Martins,nuno.martins@exemplo.pt,2024-12-12,Évora
526,Bruno Silva,bruno.silva@exemplo.pt,2024-08-08,Leiria
527,Diogo Gonçalves,diogo.gonçalves@exemplo.pt,2024-03-23,Lisboa
528,Tiago Ribeiro,tiago.ribeiro@exemplo.pt,2024-02-07,Lisboa
529,Patrícia Costa,patrícia.costa@exemplo.pt,2025-03-05,Leiria
530,Nuno Oliveira,nuno.oliveira@exemplo.pt,2023-11-29,Lisboa
531,Gonçalo Martins,gonçalo.martins@exemplo.pt,2023-02-28,Aveiro
532,Inês Gonçalves,inês.gonçalves@exemplo.pt,2024-06-14,Porto
533,Helena Ferreira,helena.ferreira@exemplo.pt,2023-05-14,Viseu
534,Helena Gonçalves,helena.gonçalves@exemplo.pt,2023-12-06,Lisboa
535,Ana Almeida,ana.almeida@exemplo.pt,2025-01-31,Braga
536,Marta Gonçalves,marta.gonçalves@exemplo.pt,2023-04-18,Coimbra
537,Pedro Ferreira,pedro.ferreira@exemplo.pt,2024-11-09,Évora
538,Pedro Pires,pedro.pires@exemplo.pt,2023-05-20,Setúbal
539,Ana Ferreira,ana.ferreira@exemplo.pt,2025-06-18,Lisboa
540,Ana Pereira,ana.pereira@exemplo.pt,2025-09-30,Aveiro
541,Pedro Pereira,pedro.pereira@exemplo.pt,2023-07-19,Lisboa
542,Inês Oliveira,inês.oliveira@exemplo.pt,2024-04-05,Setúbal
543,Tiago Jesus,tiago.jesus@exemplo.pt,2024-01-02,Lisboa
544,Patrícia Santos,patrícia.santos@exemplo.pt,2024-01-26,Viseu
545,Gonçalo Oliveira,gonçalo.oliveira@exemplo.pt,2025-09-03,Évora
546,Luís Jesus,luís.jesus@exemplo.pt,2024-04-27,Leiria
547,Luís Costa,luís.costa@exemplo.pt,2025-03-16,Porto
548,João Rodrigues,joão.rodrigues@exemplo.pt,2025-08-22,Aveiro
549,Filipa Rodrigues,filipa.rodrigues@exemplo.pt,2023-09-10,Coimbra
550,Patrícia Santos,patrícia.santos@exemplo.pt,2024-07-14,Coimbra
551,Patrícia Sousa,patrícia.sousa@exemplo.pt,2024-06-06,Évora
552,Filipa Costa,filipa.costa@exemplo.pt,2023-07-13,Leiria
553,Nuno Oliveira,nuno.oliveira@exemplo.pt,2023-06-30,Lisboa
554,Helena Santos,helena.santos@exemplo.pt,2025-08-04,Braga
555,Tiago Costa,tiago.costa@exemplo.pt,2024-03-24,Coimbra
556,Eduardo Jesus,eduardo.jesus@exemplo.pt,2025-05-22,Lisboa
557,Inês Costa,inês.costa@exemplo.pt,2024-10-04,Évora
558,Inês Oliveira,inês.oliveira@exemplo.pt,2024-04-26,Évora
559,Rui Almeida,rui.almeida@exemplo.pt,2025-05-25,Braga
560,Pedro Jesus,pedro.jesus@exemplo.pt,2024-07-10,Coimbra
561,Ana Rodrigues,ana.rodrigues@exemplo.pt,2024-09-08,Setúbal
562,Gonçalo Jesus,gonçalo.jesus@exemplo.pt,2024-05-13,Braga
563,Pedro Costa,pedro.costa@exemplo.pt,2024-09-11,Setúbal
564,Gonçalo Ferreira,gonçalo.ferreira@exemplo.pt,2025-06-01,Aveiro
565,Rui Sousa,rui.sousa@exemplo.pt,2023-10-22,Leiria
566,Luís Gonçalves,luís.gonçalves@exemplo.pt,2023-12-18,Faro
567,Patrícia Ribeiro,patrícia.ribeiro@exemplo.pt,2024-08-29,Lisboa
568,Filipa Gonçalves,filipa.gonçalves@exemplo.pt,2025-04-02,Faro
569,João Ferreira,joão.ferreira@exemplo.pt,2024-10-26,Leiria
570,Luís Ferreira,luís.ferreira@exemplo.pt,2025-06-06,Aveiro
571,Diogo Costa,diogo.costa@exemplo.pt,2023-06-12,Leiria
572,Gonçalo Pires,gonçalo.pires@exemplo.pt,2024-05-12,Lisboa
573,Marta Fernandes,marta.fernandes@exemplo.pt,2023-12-19,Setúbal
574,Carla Martins,carla.martins@exemplo.pt,2024-08-14,Lisboa
575,Vera Jesus,vera.jesus@exemplo.pt,2025-06-03,Braga
576,Diogo Santos,diogo.santos@exemplo.pt,2023-12-06,Lisboa
577,Rui Costa,rui.costa@exemplo.pt,2024-04-22,Setúbal
578,Marta Jesus,marta.jesus@exemplo.pt,2024-01-02,Aveiro
579,Vera Costa,vera.costa@exemplo.pt,2025-08-15,Évora
580,Filipa Martins,filipa.martins@exemplo.pt,2024-02-24,Setúbal
581,Rui Rodrigues,rui.rodrigues@exemplo.pt,2025-03-03,Évora
582,Luís Fernandes,luís.fernandes@exemplo.pt,2024-12-14,Leiria
583,Luís Ribeiro,luís.ribeiro@exemplo.pt,2025-04-30,Braga
584,Luís Jesus,luís.jesus@exemplo.pt,2023-02-22,Leiria
585,Marta Gonçalves,marta.gonçalves@exemplo.pt,2024-04-10,Lisboa
586,Pedro Oliveira,pedro.oliveira@exemplo.pt,2024-06-21,Braga
587,Nuno Oliveira,nuno.oliveira@exemplo.pt,2025-04-20,Coimbra
588,Bruno Martins,bruno.martins@exemplo.pt,2024-05-18,Coimbra
589,Gonçalo Pereira,gonçalo.pereira@exemplo.pt,2025-07-06,Setúbal
590,Diogo Santos,diogo.santos@exemplo.pt,2025-08-25,Lisboa
591,Ana Rodrigues,ana.rodrigues@exemplo.pt,2025-10-05,Aveiro
592,Diogo Silva,diogo.silva@exemplo.pt,2024-09-10,Lisboa
593,Helena Pires,helena.pires@exemplo.pt,2023-06-29,Évora
594,Helena Almeida,helena.almeida@exemplo.pt,2024-11-20,Setúbal
595,Diogo Fernandes,diogo.fernandes@exemplo.pt,2024-10-31,Porto
596,Bruno Ferreira,bruno.ferreira@exemplo.pt,2025-08-20,Lisboa
597,Diogo Sousa,diogo.sousa@exemplo.pt,2023-07-02,Évora
598,Carla Ferreira,carla.ferreira@exemplo.pt,2024-11-12,Setúbal
599,Filipa Almeida,filipa.almeida@exemplo.pt,2025-10-14,Lisboa
600,Carla Fernandes,carla.fernandes@exemplo.pt,2024-01-03,Porto
601,Nuno Silva,nuno.silva@exemplo.pt,2024-05-19,Viseu
602,Pedro Costa,pedro.costa@exemplo.pt,2024-08-02,Braga
603,Sara Rodrigues,sara.rodrigues@exemplo.pt,2023-07-18,Porto
604,Rui Pires,rui.pires@exemplo.pt,2023-05-10,Leiria
605,Pedro Rodrigues,pedro.rodrigues@exemplo.pt,2024-08-21,Lisboa
606,Bruno Oliveira,bruno.oliveira@exemplo.pt,2024-12-04,Viseu
607,Luís Sousa,luís.sousa@exemplo.pt,2024-11-25,Aveiro
608,Patrícia Oliveira,patrícia.oliveira@exemplo.pt,2024-11-05,Viseu
609,Helena Ribeiro,helena.ribeiro@exemplo.pt,2024-02-20,Leiria
610,Nuno Silva,nuno.silva@exemplo.pt,2024-10-23,Lisboa
611,Sara Sousa,sara.sousa@exemplo.pt,2023-03-23,Viseu
612,Gonçalo Ferreira,gonçalo.ferreira@exemplo.pt,2025-08-12,Setúbal
613,Tiago Fernandes,tiago.fernandes@exemplo.pt,2023-10-29,Braga
614,Filipa Santos,filipa.santos@exemplo.pt,2023-12-23,Braga
615,Filipa Jesus,filipa.jesus@exemplo.pt,2024-11-06,Setúbal
616,Pedro Sousa,pedro.sousa@exemplo.pt,2023-05-12,Faro
617,Carla Gonçalves,carla.gonçalves@exemplo.pt,2025-06-21,Porto
618,Luís Rodrigues,luís.rodrigues@exemplo.pt,2025-07-31,Évora
619,Eduardo Ribeiro,eduardo.ribeiro@exemplo.pt,2025-02-15,Coimbra
620,João Jesus,joão.jesus@exemplo.pt,2023-05-20,Coimbra
621,Gonçalo Santos,gonçalo.santos@exemplo.pt,2023-05-04,Braga
622,Vera Silva,vera.silva@exemplo.pt,2025-04-08,Aveiro
623,Rui Fernandes,rui.fernandes@exemplo.pt,2025-05-29,Évora
624,Diogo Oliveira,diogo.oliveira@exemplo.pt,2023-12-12,Porto
625,Luís Costa,luís.costa@exemplo.pt,2024-12-13,Lisboa
626,Eduardo Gonçalves,eduardo.gonçalves@exemplo.pt,2025-05-26,Évora
627,Ana Ferreira,ana.ferreira@exemplo.pt,2023-05-23,Faro
628,Bruno Jesus,bruno.jesus@exemplo.pt,2023-07-06,Braga
629,Pedro Ribeiro,pedro.ribeiro@exemplo.pt,2025-03-24,Faro
630,Eduardo Gonçalves,eduardo.gonçalves@exemplo.pt,2024-08-27,Évora
631,Vera Sousa,vera.sousa@exemplo.pt,2024-06-24,Viseu
632,Pedro Pires,pedro.pires@exemplo.pt,2023-06-24,Lisboa
633,Marta Costa,marta.costa@exemplo.pt,2023-06-06,Évora
634,Marta Sousa,marta.sousa@exemplo.pt,2023-10-01,Évora
635,Eduardo Sousa,eduardo.sousa@exemplo.pt,2025-01-04,Évora
636,Rui Santos,rui.santos@exemplo.pt,2024-01-07,Coimbra
637,Rui Martins,rui.martins@exemplo.pt,2023-08-19,Coimbra
638,João Oliveira,joão.oliveira@exemplo.pt,2025-05-10,Aveiro
639,Marta Costa,marta.costa@exemplo.pt,2025-08-10,Viseu
640,Vera Pires,vera.pires@exemplo.pt,2024-03-13,Évora
641,Nuno Fernandes,nuno.fernandes@exemplo.pt,2025-01-20,Faro
642,Carla Martins,carla.martins@exemplo.pt,2023-11-11,Évora
643,Filipa Gonçalves,filipa.gonçalves@exemplo.pt,2024-02-20,Braga
644,Sara Gonçalves,sara.gonçalves@exemplo.pt,2025-02-11,Braga
645,Bruno Pereira,bruno.pereira@exemplo.pt,2025-06-03,Viseu
646,Diogo Ferreira,diogo.ferreira@exemplo.pt,2025-03-14,Braga
647,Sara Ribeiro,sara.ribeiro@exemplo.pt,2025-05-05,Lisboa
648,Gonçalo Costa,gonçalo.costa@exemplo.pt,2024-10-30,Leiria
649,Sara Almeida,sara.almeida@exemplo.pt,2024-08-12,Porto
650,Helena Gonçalves,helena.gonçalves@exemplo.pt,2024-01-15,Aveiro
651,Inês Costa,inês.costa@exemplo.pt,2023-10-06,Braga
652,Sara Oliveira,sara.oliveira@exemplo.pt,2024-08-11,Porto
653,Luís Silva,luís.silva@exemplo.pt,2024-01-30,Porto
654,Patrícia Santos,patrícia.santos@exemplo.pt,2023-03-27,Évora
655,Patrícia Almeida,patrícia.almeida@exemplo.pt,2023-11-20,Coimbra
656,Inês Oliveira,inês.oliveira@exemplo.pt,2025-05-01,Évora
657,Sara Fernandes,sara.fernandes@exemplo.pt,2023-11-17,Leiria
658,Inês Oliveira,inês.oliveira@exemplo.pt,2024-08-07,Aveiro
659,Bruno Oliveira,bruno.oliveira@exemplo.pt,2024-03-10,Coimbra
660,Carla Pereira,carla.pereira@exemplo.pt,2023-04-27,Leiria
661,Eduardo Rodrigues,eduardo.rodrigues@exemplo.pt,2025-06-07,Lisboa
662,João Almeida,joão.almeida@exemplo.pt,2023-09-08,Lisboa
663,Ana Ferreira,ana.ferreira@exemplo.pt,2023-03-30,Leiria
664,Inês Fernandes,inês.fernandes@exemplo.pt,2024-04-18,Coimbra
665,Sara Sousa,sara.sousa@exemplo.pt,2025-02-28,Coimbra
666,Gonçalo Jesus,gonçalo.jesus@exemplo.pt,2025-08-27,Coimbra
667,Ana Costa,ana.costa@exemplo.pt,2024-06-21,Porto
668,Carla Pires,carla.pires@exemplo.pt,2025-10-11,Coimbra
669,Vera Costa,vera.costa@exemplo.pt,2023-03-25,Leiria
670,Sara Ribeiro,sara.ribeiro@exemplo.pt,2025-06-27,Viseu
671,Pedro Ribeiro,pedro.ribeiro@exemplo.pt,2025-10-05,Faro
672,Luís Jesus,luís.jesus@exemplo.pt,2023-06-13,Viseu
673,Vera Pires,vera.pires@exemplo.pt,2024-08-26,Viseu
674,Luís Martins,luís.martins@exemplo.pt,2025-03-18,Évora
675,Nuno Gonçalves,nuno.gonçalves@exemplo.pt,2024-12-07,Porto
676,Pedro Jesus,pedro.jesus@exemplo.pt,2024-07-06,Porto
677,João Almeida,joão.almeida@exemplo.pt,2025-10-18,Faro
678,Helena Oliveira,helena.oliveira@exemplo.pt,2024-07-20,Leiria
679,Inês Gonçalves,inês.gonçalves@exemplo.pt,2025-09-05,Lisboa
680,João Costa,joão.costa@exemplo.pt,2025-04-02,Lisboa
681,Diogo Jesus,diogo.jesus@exemplo.pt,2024-05-27,Lisboa
682,Bruno Oliveira,bruno.oliveira@exemplo.pt,2024-02-23,Aveiro
683,Filipa Ferreira,filipa.ferreira@exemplo.pt,2023-02-03,Faro
684,Marta Pires,marta.pires@exemplo.pt,2025-08-21,Faro
685,Eduardo Ferreira,eduardo.ferreira@exemplo.pt,2025-06-05,Porto
686,Bruno Gonçalves,bruno.gonçalves@exemplo.pt,2023-07-03,Braga
687,Nuno Pires,nuno.pires@exemplo.pt,2023-11-26,Lisboa
688,Patrícia Jesus,patrícia.jesus@exemplo.pt,2023-08-31,Braga
689,Rui Oliveira,rui.oliveira@exemplo.pt,2025-05-21,Faro
690,Ana Santos,ana.santos@exemplo.pt,2024-01-10,Lisboa
691,Filipa Ribeiro,filipa.ribeiro@exemplo.pt,2024-12-22,Braga
692,Eduardo Pereira,eduardo.pereira@exemplo.pt,2024-09-17,Porto
693,Nuno Almeida,nuno.almeida@exemplo.pt,2024-02-03,Coimbra
694,Gonçalo Ribeiro,gonçalo.ribeiro@exemplo.pt,2024-01-29,Coimbra
695,Helena Fernandes,helena.fernandes@exemplo.pt,2024-04-03,Viseu
696,Filipa Almeida,filipa.almeida@exemplo.pt,2024-08-14,Porto
697,Sara Silva,sara.silva@exemplo.pt,2024-01-03,Coimbra
698,Vera Almeida,vera.almeida@exemplo.pt,2024-09-24,Coimbra
699,Nuno Gonçalves,nuno.gonçalves@exemplo.pt,2024-11-26,Faro
700,Tiago Ribeiro,tiago.ribeiro@exemplo.pt,2023-02-19,Coimbra
701,Diogo Ferreira,diogo.ferreira@exemplo.pt,2024-01-10,Lisboa
702,Marta Gonçalves,marta.gonçalves@exemplo.pt,2024-08-04,Lisboa
703,Luís Almeida,luís.almeida@exemplo.pt,2024-10-20,Lisboa
704,Marta Santos,marta.santos@exemplo.pt,2023-07-31,Lisboa
705,Rui Martins,rui.martins@exemplo.pt,2025-02-15,Leiria
706,Nuno Oliveira,nuno.oliveira@exemplo.pt,2025-08-03,Coimbra
707,Helena Oliveira,helena.oliveira@exemplo.pt,2023-10-19,Évora
708,Diogo Ferreira,diogo.ferreira@exemplo.pt,2024-12-02,Faro
709,Patrícia Oliveira,patrícia.oliveira@exemplo.pt,2024-04-05,Aveiro
710,Eduardo Almeida,eduardo.almeida@exemplo.pt,2025-01-12,Coimbra
711,Marta Martins,marta.martins@exemplo.pt,2025-09-06,Viseu
712,Filipa Martins,filipa.martins@exemplo.pt,2025-01-14,Porto
713,Filipa Rodrigues,filipa.rodrigues@exemplo.pt,2023-09-16,Évora
714,Rui Oliveira,rui.oliveira@exemplo.pt,2023-03-07,Faro
715,Pedro Costa,pedro.costa@exemplo.pt,2024-03-19,Porto
716,João Costa,joão.costa@exemplo.pt,2023-03-29,Porto
717,Marta Costa,marta.costa@exemplo.pt,2024-02-24,Setúbal
718,Inês Pires,inês.pires@exemplo.pt,2024-03-21,Faro
719,Marta Rodrigues,marta.rodrigues@exemplo.pt,2023-05-07,Viseu
720,Patrícia Silva,patrícia.silva@exemplo.pt,2024-06-19,Porto
721,Tiago Oliveira,tiago.oliveira@exemplo.pt,2024-04-14,Braga
722,Eduardo Costa,eduardo.costa@exemplo.pt,2025-05-08,Setúbal
723,Tiago Ferreira,tiago.ferreira@exemplo.pt,2024-01-08,Évora
724,Eduardo Pereira,eduardo.pereira@exemplo.pt,2024-12-14,Viseu
725,Pedro Ribeiro,pedro.ribeiro@exemplo.pt,2025-10-01,Aveiro
726,Marta Costa,marta.costa@exemplo.pt,2023-02-08,Viseu
727,Pedro Oliveira,pedro.oliveira@exemplo.pt,2023-06-22,Setúbal
728,Carla Fernandes,carla.fernandes@exemplo.pt,2024-05-31,Setúbal
729,Gonçalo Gonçalves,gonçalo.gonçalves@exemplo.pt,2023-10-27,Braga
730,Sara Pereira,sara.pereira@exemplo.pt,2023-04-25,Leiria
731,Bruno Silva,bruno.silva@exemplo.pt,2023-12-18,Aveiro
732,Tiago Pereira,tiago.pereira@exemplo.pt,2025-07-27,Leiria
733,Tiago Gonçalves,tiago.gonçalves@exemplo.pt,2025-10-16,Lisboa
734,Gonçalo Almeida,gonçalo.almeida@exemplo.pt,2025-02-06,Faro
735,Tiago Fernandes,tiago.fernandes@exemplo.pt,2023-11-02,Faro
736,Bruno Ribeiro,bruno.ribeiro@exemplo.pt,2024-03-22,Setúbal
737,Gonçalo Oliveira,gonçalo.oliveira@exemplo.pt,2023-11-13,Lisboa
738,Inês Santos,inês.santos@exemplo.pt,2023-05-19,Lisboa
739,Tiago Sousa,tiago.sousa@exemplo.pt,2023-06-03,Faro
740,Tiago Fernandes,tiago.fernandes@exemplo.pt,2024-05-15,Évora
741,Rui Gonçalves,rui.gonçalves@exemplo.pt,2024-09-02,Lisboa
742,Carla Rodrigues,carla.rodrigues@exemplo.pt,2024-03-22,Coimbra
743,Bruno Fernandes,bruno.fernandes@exemplo.pt,2023-02-18,Braga
744,Pedro Gonçalves,pedro.gonçalves@exemplo.pt,2023-04-08,Leiria
745,Inês Oliveira,inês.oliveira@exemplo.pt,2024-09-07,Évora
746,Diogo Ferreira,diogo.ferreira@exemplo.pt,2025-01-13,Évora
747,Eduardo Fernandes,eduardo.fernandes@exemplo.pt,2025-10-15,Setúbal
748,Gonçalo Gonçalves,gonçalo.gonçalves@exemplo.pt,2024-02-10,Évora
749,Patrícia Sousa,patrícia.sousa@exemplo.pt,2023-11-20,Setúbal
750,Marta Rodrigues,marta.rodrigues@exemplo.pt,2024-11-14,Lisboa
751,Gonçalo Santos,gonçalo.santos@exemplo.pt,2023-07-11,Coimbra
752,João Almeida,joão.almeida@exemplo.pt,2023-08-11,Lisboa
753,Gonçalo Silva,gonçalo.silva@exemplo.pt,2025-08-19,Coimbra
754,Tiago Silva,tiago.silva@exemplo.pt,2025-06-27,Porto
755,Vera Rodrigues,vera.rodrigues@exemplo.pt,2023-09-18,Leiria
756,Patrícia Almeida,patrícia.almeida@exemplo.pt,2024-05-10,Lisboa
757,Pedro Sousa,pedro.sousa@exemplo.pt,2024-11-03,Viseu
758,Luís Jesus,luís.jesus@exemplo.pt,2023-10-16,Aveiro
759,Filipa Martins,filipa.martins@exemplo.pt,2024-04-30,Coimbra
760,Rui Costa,rui.costa@exemplo.pt,2024-01-16,Viseu
761,Sara Pereira,sara.pereira@exemplo.pt,2023-11-17,Coimbra
762,Pedro Costa,pedro.costa@exemplo.pt,2024-04-27,Braga
763,Sara Pereira,sara.pereira@exemplo.pt,2025-03-02,Faro
764,Vera Jesus,vera.jesus@exemplo.pt,2023-06-08,Aveiro
765,Rui Pereira,rui.pereira@exemplo.pt,2023-09-08,Setúbal
766,Carla Costa,carla.costa@exemplo.pt,2024-03-29,Leiria
767,Bruno Sousa,bruno.sousa@exemplo.pt,2025-02-27,Lisboa
768,Rui Silva,rui.silva@exemplo.pt,2025-08-27,Porto
769,Gonçalo Costa,gonçalo.costa@exemplo.pt,2023-11-24,Coimbra
770,Helena Santos,helena.santos@exemplo.pt,2024-08-04,Évora
771,Carla Sousa,carla.sousa@exemplo.pt,2023-03-30,Lisboa
772,Gonçalo Ribeiro,gonçalo.ribeiro@exemplo.pt,2024-07-25,Viseu
773,Sara Rodrigues,sara.rodrigues@exemplo.pt,2023-03-24,Leiria
774,Diogo Pires,diogo.pires@exemplo.pt,2023-12-11,Setúbal
775,Gonçalo Santos,gonçalo.santos@exemplo.pt,2024-11-29,Faro
776,Diogo Pereira,diogo.pereira@exemplo.pt,2023-05-19,Leiria
777,Rui Santos,rui.santos@exemplo.pt,2024-01-03,Setúbal
778,Sara Ferreira,sara.ferreira@exemplo.pt,2023-08-26,Braga
779,Gonçalo Gonçalves,gonçalo.gonçalves@exemplo.pt,2023-07-17,Leiria
780,Tiago Rodrigues,tiago.rodrigues@exemplo.pt,2023-11-21,Setúbal
781,Filipa Ribeiro,filipa.ribeiro@exemplo.pt,2025-10-11,Leiria
782,Sara Santos,sara.santos@exemplo.pt,2025-01-08,Évora
783,Inês Sousa,inês.sousa@exemplo.pt,2024-02-26,Aveiro
784,Filipa Pires,filipa.pires@exemplo.pt,2024-02-14,Faro
785,Carla Fernandes,carla.fernandes@exemplo.pt,2025-08-31,Porto
786,Rui Martins,rui.martins@exemplo.pt,2024-11-15,Évora
787,Gonçalo Pires,gonçalo.pires@exemplo.pt,2025-05-18,Aveiro
788,Diogo Almeida,diogo.almeida@exemplo.pt,2023-04-15,Lisboa
789,Nuno Costa,nuno.costa@exemplo.pt,2023-02-11,Viseu
790,Eduardo Costa,eduardo.costa@exemplo.pt,2024-12-07,Setúbal
791,João Oliveira,joão.oliveira@exemplo.pt,2024-04-12,Leiria
792,Luís Silva,luís.silva@exemplo.pt,2023-12-03,Porto
793,Bruno Oliveira,bruno.oliveira@exemplo.pt,2025-08-01,Évora
794,Marta Santos,marta.santos@exemplo.pt,2024-06-15,Viseu
795,Helena Gonçalves,helena.gonçalves@exemplo.pt,2024-04-11,Leiria
796,Pedro Santos,pedro.santos@exemplo.pt,2023-06-13,Porto
797,Bruno Costa,bruno.costa@exemplo.pt,2025-03-20,Coimbra
798,Luís Santos,luís.santos@exemplo.pt,2025-08-11,Viseu
799,Ana Pires,ana.pires@exemplo.pt,2025-01-17,Leiria
800,Helena Santos,helena.santos@exemplo.pt,2025-05-10,Viseu
801,Carla Pires,carla.pires@exemplo.pt,2023-03-08,Porto
802,Ana Pereira,ana.pereira@exemplo.pt,2025-05-12,Setúbal
803,Diogo Silva,diogo.silva@exemplo.pt,2025-05-25,Coimbra
804,Tiago Ribeiro,tiago.ribeiro@exemplo.pt,2024-02-14,Aveiro
805,Helena Costa,helena.costa@exemplo.pt,2024-01-08,Viseu
806,Luís Sousa,luís.sousa@exemplo.pt,2025-09-29,Lisboa
807,João Silva,joão.silva@exemplo.pt,2024-04-11,Leiria
808,Eduardo Ribeiro,eduardo.ribeiro@exemplo.pt,2025-07-24,Leiria
809,Vera Ferreira,vera.ferreira@exemplo.pt,2024-10-16,Porto
810,Marta Ribeiro,marta.ribeiro@exemplo.pt,2023-07-04,Porto
811,Luís Rodrigues,luís.rodrigues@exemplo.pt,2023-05-30,Braga
812,Pedro Ferreira,pedro.ferreira@exemplo.pt,2024-04-06,Setúbal
813,Marta Fernandes,marta.fernandes@exemplo.pt,2024-08-07,Porto
814,Vera Oliveira,vera.oliveira@exemplo.pt,2024-01-23,Faro
815,Bruno Gonçalves,bruno.gonçalves@exemplo.pt,2023-04-07,Faro
816,Helena Santos,helena.santos@exemplo.pt,2023-02-06,Coimbra
817,Nuno Pires,nuno.pires@exemplo.pt,2024-03-03,Lisboa
818,Filipa Pires,filipa.pires@exemplo.pt,2025-08-23,Coimbra
819,Tiago Oliveira,tiago.oliveira@exemplo.pt,2024-10-02,Évora
820,Carla Pereira,carla.pereira@exemplo.pt,2023-05-28,Porto
821,Carla Jesus,carla.jesus@exemplo.pt,2024-06-07,Faro
822,Patrícia Silva,patrícia.silva@exemplo.pt,2023-03-22,Setúbal
823,Inês Gonçalves,inês.gonçalves@exemplo.pt,2025-03-24,Porto
824,Ana Oliveira,ana.oliveira@exemplo.pt,2025-07-30,Aveiro
825,Bruno Sousa,bruno.sousa@exemplo.pt,2024-07-31,Porto
826,Tiago Gonçalves,tiago.gonçalves@exemplo.pt,2025-04-14,Coimbra
827,Bruno Silva,bruno.silva@exemplo.pt,2024-01-18,Porto
828,Filipa Silva,filipa.silva@exemplo.pt,2023-05-21,Viseu
829,Helena Ferreira,helena.ferreira@exemplo.pt,2024-03-07,Braga
830,Tiago Silva,tiago.silva@exemplo.pt,2023-12-24,Porto
831,Rui Santos,rui.santos@exemplo.pt,2025-01-16,Leiria
832,Tiago Rodrigues,tiago.rodrigues@exemplo.pt,2024-10-16,Aveiro
833,Bruno Rodrigues,bruno.rodrigues@exemplo.pt,2024-08-12,Porto
834,Eduardo Oliveira,eduardo.oliveira@exemplo.pt,2025-10-03,Lisboa
835,Luís Santos,luís.santos@exemplo.pt,2024-01-16,Setúbal
836,Marta Sousa,marta.sousa@exemplo.pt,2023-03-17,Coimbra
837,Gonçalo Costa,gonçalo.costa@exemplo.pt,2025-04-06,Leiria
838,Nuno Martins,nuno.martins@exemplo.pt,2025-10-23,Évora
839,Luís Ribeiro,luís.ribeiro@exemplo.pt,2024-10-08,Setúbal
840,Diogo Martins,diogo.martins@exemplo.pt,2023-05-04,Braga
841,Luís Silva,luís.silva@exemplo.pt,2024-12-28,Aveiro
842,Gonçalo Silva,gonçalo.silva@exemplo.pt,2023-10-12,Leiria
843,Tiago Ribeiro,tiago.ribeiro@exemplo.pt,2023-04-13,Lisboa
844,Inês Pires,inês.pires@exemplo.pt,2023-10-15,Setúbal
845,Tiago Ferreira,tiago.ferreira@exemplo.pt,2023-11-26,Évora
846,Marta Pires,marta.pires@exemplo.pt,2023-12-03,Aveiro
847,Patrícia Silva,patrícia.silva@exemplo.pt,2023-05-29,Aveiro
848,Rui Fernandes,rui.fernandes@exemplo.pt,2023-10-13,Viseu
849,Tiago Santos,tiago.santos@exemplo.pt,2023-12-16,Viseu
850,Marta Pereira,marta.pereira@exemplo.pt,2023-02-28,Setúbal
851,Carla Pires,carla.pires@exemplo.pt,2023-04-20,Aveiro
852,Vera Silva,vera.silva@exemplo.pt,2024-03-28,Braga
853,Ana Pereira,ana.pereira@exemplo.pt,2024-03-28,Coimbra
854,Marta Fernandes,marta.fernandes@exemplo.pt,2023-05-01,Lisboa
855,Sara Oliveira,sara.oliveira@exemplo.pt,2025-05-20,Faro
856,Carla Pereira,carla.pereira@exemplo.pt,2023-10-08,Setúbal
857,Luís Silva,luís.silva@exemplo.pt,2024-09-14,Évora
858,Carla Pereira,carla.pereira@exemplo.pt,2023-05-24,Viseu
859,Patrícia Sousa,patrícia.sousa@exemplo.pt,2024-07-04,Braga
860,Luís Silva,luís.silva@exemplo.pt,2023-10-15,Lisboa
861,Inês Sousa,inês.sousa@exemplo.pt,2025-07-23,Setúbal
862,João Jesus,joão.jesus@exemplo.pt,2025-07-10,Setúbal
863,Pedro Silva,pedro.silva@exemplo.pt,2023-02-14,Faro
864,Nuno Pires,nuno.pires@exemplo.pt,2023-04-29,Coimbra
865,Inês Almeida,inês.almeida@exemplo.pt,2023-11-08,Setúbal
866,Tiago Silva,tiago.silva@exemplo.pt,2025-09-27,Coimbra
867,Tiago Almeida,tiago.almeida@exemplo.pt,2024-10-07,Aveiro
868,Carla Pires,carla.pires@exemplo.pt,2023-07-01,Viseu
869,Inês Gonçalves,inês.gonçalves@exemplo.pt,2025-09-21,Viseu
870,Tiago Santos,tiago.santos@exemplo.pt,2024-02-05,Coimbra
871,Nuno Costa,nuno.costa@exemplo.pt,2024-09-17,Évora
872,Helena Gonçalves,helena.gonçalves@exemplo.pt,2025-08-23,Setúbal
873,Vera Costa,vera.costa@exemplo.pt,2025-06-20,Porto
874,Luís Martins,luís.martins@exemplo.pt,2023-09-29,Évora
875,Vera Santos,vera.santos@exemplo.pt,2025-07-03,Faro
876,Eduardo Pereira,eduardo.pereira@exemplo.pt,2024-05-16,Coimbra
877,Eduardo Silva,eduardo.silva@exemplo.pt,2023-02-09,Viseu
878,Rui Martins,rui.martins@exemplo.pt,2025-02-06,Lisboa
879,Helena Pereira,helena.pereira@exemplo.pt,2025-04-03,Leiria
880,Pedro Rodrigues,pedro.rodrigues@exemplo.pt,2024-02-09,Évora
881,Pedro Jesus,pedro.jesus@exemplo.pt,2024-07-22,Évora
882,João Rodrigues,joão.rodrigues@exemplo.pt,2023-03-31,Aveiro
883,Helena Silva,helena.silva@exemplo.pt,2024-10-12,Évora
884,Eduardo Jesus,eduardo.jesus@exemplo.pt,2024-05-10,Lisboa
885,Bruno Costa,bruno.costa@exemplo.pt,2023-07-10,Aveiro
886,João Sousa,joão.sousa@exemplo.pt,2025-02-05,Setúbal
887,Ana Pires,ana.pires@exemplo.pt,2023-04-20,Lisboa
888,Rui Ferreira,rui.ferreira@exemplo.pt,2024-03-11,Porto
889,Vera Pereira,vera.pereira@exemplo.pt,2025-07-05,Coimbra
890,Inês Almeida,inês.almeida@exemplo.pt,2024-08-16,Faro
891,Ana Costa,ana.costa@exemplo.pt,2023-08-28,Setúbal
892,Helena Almeida,helena.almeida@exemplo.pt,2023-08-17,Porto
893,Carla Sousa,carla.sousa@exemplo.pt,2024-03-03,Viseu
894,Helena Jesus,helena.jesus@exemplo.pt,2024-07-08,Leiria
895,Inês Gonçalves,inês.gonçalves@exemplo.pt,2023-07-12,Lisboa
896,Marta Almeida,marta.almeida@exemplo.pt,2025-06-19,Viseu
897,Rui Gonçalves,rui.gonçalves@exemplo.pt,2025-02-19,Setúbal
898,Tiago Pereira,tiago.pereira@exemplo.pt,2023-07-10,Leiria
899,Marta Sousa,marta.sousa@exemplo.pt,2023-06-08,Faro
900,Ana Martins,ana.martins@exemplo.pt,2024-04-17,Viseu
901,Patrícia Pereira,patrícia.pereira@exemplo.pt,2025-09-20,Lisboa
902,Sara Fernandes,sara.fernandes@exemplo.pt,2023-09-02,Aveiro
903,João Costa,joão.costa@exemplo.pt,2023-04-14,Braga
904,Tiago Pereira,tiago.pereira@exemplo.pt,2024-02-08,Évora
905,Pedro Ferreira,pedro.ferreira@exemplo.pt,2023-07-15,Porto
906,Filipa Jesus,filipa.jesus@exemplo.pt,2024-12-05,Évora
907,Pedro Sousa,pedro.sousa@exemplo.pt,2024-02-06,Coimbra
908,Marta Rodrigues,marta.rodrigues@exemplo.pt,2024-05-02,Leiria
909,Helena Costa,helena.costa@exemplo.pt,2023-03-11,Braga
910,Tiago Jesus,tiago.jesus@exemplo.pt,2025-03-29,Faro
911,Marta Ribeiro,marta.ribeiro@exemplo.pt,2024-02-04,Braga
912,Helena Pereira,helena.pereira@exemplo.pt,2024-02-07,Aveiro
913,Filipa Ribeiro,filipa.ribeiro@exemplo.pt,2025-02-16,Évora
914,Sara Pereira,sara.pereira@exemplo.pt,2023-06-23,Lisboa
915,Helena Almeida,helena.almeida@exemplo.pt,2025-07-02,Évora
916,Vera Ferreira,vera.ferreira@exemplo.pt,2023-11-05,Coimbra
917,Sara Oliveira,sara.oliveira@exemplo.pt,2023-12-14,Leiria
918,Carla Ribeiro,carla.ribeiro@exemplo.pt,2024-03-24,Faro
919,Eduardo Pereira,eduardo.pereira@exemplo.pt,2025-03-16,Porto
920,Carla Jesus,carla.jesus@exemplo.pt,2024-11-17,Coimbra
921,Bruno Ribeiro,bruno.ribeiro@exemplo.pt,2024-12-30,Viseu
922,Inês Rodrigues,inês.rodrigues@exemplo.pt,2023-04-13,Porto
923,Vera Ferreira,vera.ferreira@exemplo.pt,2023-04-01,Coimbra
924,Helena Santos,helena.santos@exemplo.pt,2023-02-17,Coimbra
925,Luís Costa,luís.costa@exemplo.pt,2024-11-09,Faro
926,Helena Fernandes,helena.fernandes@exemplo.pt,2023-10-17,Évora
927,Rui Pires,rui.pires@exemplo.pt,2024-10-18,Viseu
928,Diogo Almeida,diogo.almeida@exemplo.pt,2025-10-03,Setúbal
929,Pedro Costa,pedro.costa@exemplo.pt,2024-10-15,Faro
930,Nuno Oliveira,nuno.oliveira@exemplo.pt,2023-05-01,Viseu
931,Nuno Rodrigues,nuno.rodrigues@exemplo.pt,2024-05-02,Braga
932,Inês Pereira,inês.pereira@exemplo.pt,2023-10-01,Évora
933,Marta Gonçalves,marta.gonçalves@exemplo.pt,2025-06-13,Viseu
934,Filipa Ribeiro,filipa.ribeiro@exemplo.pt,2023-02-26,Aveiro
935,Sara Silva,sara.silva@exemplo.pt,2023-07-31,Braga
936,Rui Martins,rui.martins@exemplo.pt,2024-11-19,Coimbra
937,João Gonçalves,joão.gonçalves@exemplo.pt,2023-05-18,Coimbra
938,Sara Costa,sara.costa@exemplo.pt,2023-08-28,Aveiro
939,Helena Sousa,helena.sousa@exemplo.pt,2024-02-17,Coimbra
940,Bruno Costa,bruno.costa@exemplo.pt,2023-04-25,Évora
941,Diogo Silva,diogo.silva@exemplo.pt,2024-12-24,Porto
942,Nuno Silva,nuno.silva@exemplo.pt,2024-05-29,Braga
943,Bruno Pires,bruno.pires@exemplo.pt,2024-05-11,Faro
944,Filipa Sousa,filipa.sousa@exemplo.pt,2024-02-27,Leiria
945,Patrícia Oliveira,patrícia.oliveira@exemplo.pt,2025-06-23,Viseu
946,Diogo Pereira,diogo.pereira@exemplo.pt,2025-01-02,Leiria
947,João Gonçalves,joão.gonçalves@exemplo.pt,2025-03-30,Setúbal
948,Patrícia Oliveira,patrícia.oliveira@exemplo.pt,2025-05-21,Braga
949,Ana Gonçalves,ana.gonçalves@exemplo.pt,2024-05-12,Coimbra
950,Vera Pereira,vera.pereira@exemplo.pt,2024-02-02,Braga
951,Diogo Almeida,diogo.almeida@exemplo.pt,2024-06-25,Évora
952,Tiago Pires,tiago.pires@exemplo.pt,2025-05-13,Lisboa
953,Tiago Martins,tiago.martins@exemplo.pt,2023-09-04,Lisboa
954,Luís Martins,luís.martins@exemplo.pt,2024-10-17,Lisboa
955,Eduardo Gonçalves,eduardo.gonçalves@exemplo.pt,2025-10-21,Setúbal
956,Rui Oliveira,rui.oliveira@exemplo.pt,2024-07-13,Leiria
957,Marta Martins,marta.martins@exemplo.pt,2023-02-21,Setúbal
958,Diogo Ribeiro,diogo.ribeiro@exemplo.pt,2024-09-12,Leiria
959,Nuno Santos,nuno.santos@exemplo.pt,2024-06-10,Évora
960,Carla Almeida,carla.almeida@exemplo.pt,2023-05-04,Leiria
961,Rui Rodrigues,rui.rodrigues@exemplo.pt,2025-03-03,Faro
962,Ana Martins,ana.martins@exemplo.pt,2023-06-04,Viseu
963,Patrícia Ribeiro,patrícia.ribeiro@exemplo.pt,2025-08-15,Leiria
964,Diogo Gonçalves,diogo.gonçalves@exemplo.pt,2025-05-30,Lisboa
965,Gonçalo Rodrigues,gonçalo.rodrigues@exemplo.pt,2024-10-31,Setúbal
966,Tiago Pereira,tiago.pereira@exemplo.pt,2024-01-05,Faro
967,Gonçalo Oliveira,gonçalo.oliveira@exemplo.pt,2024-09-25,Lisboa
968,Vera Ribeiro,vera.ribeiro@exemplo.pt,2023-05-29,Faro
969,Filipa Jesus,filipa.jesus@exemplo.pt,2024-04-14,Setúbal
970,Carla Almeida,carla.almeida@exemplo.pt,2025-06-22,Aveiro
971,Eduardo Gonçalves,eduardo.gonçalves@exemplo.pt,2024-11-16,Porto
972,Sara Ferreira,sara.ferreira@exemplo.pt,2025-05-08,Setúbal
973,Eduardo Pires,eduardo.pires@exemplo.pt,2023-08-22,Braga
974,Pedro Martins,pedro.martins@exemplo.pt,2023-05-27,Évora
975,Eduardo Oliveira,eduardo.oliveira@exemplo.pt,2024-11-20,Aveiro
976,Luís Ribeiro,luís.ribeiro@exemplo.pt,2023-03-31,Braga
977,Nuno Sousa,nuno.sousa@exemplo.pt,2024-03-12,Faro
978,Filipa Almeida,filipa.almeida@exemplo.pt,2024-01-28,Aveiro
979,João Oliveira,joão.oliveira@exemplo.pt,2025-03-02,Évora
980,Ana Fernandes,ana.fernandes@exemplo.pt,2023-09-28,Setúbal
981,Eduardo Santos,eduardo.santos@exemplo.pt,2025-09-19,Coimbra
982,Luís Sousa,luís.sousa@exemplo.pt,2024-08-14,Lisboa
983,Rui Silva,rui.silva@exemplo.pt,2023-03-23,Porto
984,Diogo Martins,diogo.martins@exemplo.pt,2024-03-17,Viseu
985,Vera Ferreira,vera.ferreira@exemplo.pt,2025-06-18,Faro
986,Gonçalo Pires,gonçalo.pires@exemplo.pt,2024-11-12,Lisboa
987,Carla Pereira,carla.pereira@exemplo.pt,2023-05-02,Lisboa
988,Vera Oliveira,vera.oliveira@exemplo.pt,2025-02-08,Viseu
989,Pedro Jesus,pedro.jesus@exemplo.pt,2025-01-13,Leiria
990,Marta Rodrigues,marta.rodrigues@exemplo.pt,2025-05-08,Braga
991,Sara Santos,sara.santos@exemplo.pt,2025-09-07,Leiria
992,Luís Pires,luís.pires@exemplo.pt,2024-01-04,Leiria
993,Pedro Silva,pedro.silva@exemplo.pt,2025-03-14,Faro
994,Gonçalo Silva,gonçalo.silva@exemplo.pt,2023-09-02,Setúbal
995,Helena Gonçalves,helena.gonçalves@exemplo.pt,2024-12-07,Lisboa
996,Eduardo Santos,eduardo.santos@exemplo.pt,2024-11-19,Leiria
997,Patrícia Rodrigues,patrícia.rodrigues@exemplo.pt,2025-06-19,Viseu
998,Patrícia Costa,patrícia.costa@exemplo.pt,2024-01-08,Aveiro
999,Carla Martins,carla.martins@exemplo.pt,2023-09-29,Aveiro
1000,Sara Pires,sara.pires@exemplo.pt,2025-07-03,Leiria
